<?xml version="1.0" encoding="UTF-8"?>
<configuration>

    <property name="LOG_PATH" value="logs"/>
    <property name="LOG_PATTERN"
              value="%d{yyyy-MM-dd HH:mm:ss.SSS} [%thread] %-5level %logger - %msg%n"/>

    <!-- ================= APP FILE ================= -->
    <appender name="APP_FILE" class="ch.qos.logback.core.rolling.RollingFileAppender">
        <file>${LOG_PATH}/app.log</file>

        <rollingPolicy class="ch.qos.logback.core.rolling.SizeAndTimeBasedRollingPolicy">
            <fileNamePattern>${LOG_PATH}/app-%d{yyyy-MM-dd}.%i.log</fileNamePattern>
            <maxFileSize>10MB</maxFileSize>
            <maxHistory>30</maxHistory>
            <totalSizeCap>1GB</totalSizeCap>
        </rollingPolicy>

        <encoder>
            <pattern>${LOG_PATTERN}</pattern>
        </encoder>
    </appender>

    <!-- ================= SECURITY FILE ================= -->
    <appender name="SECURITY_FILE" class="ch.qos.logback.core.rolling.RollingFileAppender">
        <file>${LOG_PATH}/security.log</file>

        <rollingPolicy class="ch.qos.logback.core.rolling.SizeAndTimeBasedRollingPolicy">
            <fileNamePattern>${LOG_PATH}/security-%d{yyyy-MM-dd}.%i.log</fileNamePattern>
            <maxFileSize>10MB</maxFileSize>
            <maxHistory>30</maxHistory>
            <totalSizeCap>1GB</totalSizeCap>
        </rollingPolicy>

        <encoder>
            <pattern>${LOG_PATTERN}</pattern>
        </encoder>
    </appender>

    <!-- ================= DB FILE ================= -->
    <appender name="DB_FILE" class="ch.qos.logback.core.rolling.RollingFileAppender">
        <file>${LOG_PATH}/db.log</file>

        <rollingPolicy class="ch.qos.logback.core.rolling.SizeAndTimeBasedRollingPolicy">
            <fileNamePattern>${LOG_PATH}/db-%d{yyyy-MM-dd}.%i.log</fileNamePattern>
            <maxFileSize>10MB</maxFileSize>
            <maxHistory>15</maxHistory>
            <totalSizeCap>500MB</totalSizeCap>
        </rollingPolicy>

        <encoder>
            <pattern>${LOG_PATTERN}</pattern>
        </encoder>
    </appender>

    <!-- ================= ASYNC APPENDERS ================= -->
    <appender name="ASYNC_APP" class="ch.qos.logback.classic.AsyncAppender">
        <queueSize>1024</queueSize>
        <discardingThreshold>0</discardingThreshold>
        <appender-ref ref="APP_FILE"/>
    </appender>

    <appender name="ASYNC_SECURITY" class="ch.qos.logback.classic.AsyncAppender">
        <queueSize>512</queueSize>
        <appender-ref ref="SECURITY_FILE"/>
    </appender>

    <appender name="ASYNC_DB" class="ch.qos.logback.classic.AsyncAppender">
        <queueSize>512</queueSize>
        <appender-ref ref="DB_FILE"/>
    </appender>

    <!-- ================= LOGGERS ================= -->

    <!-- YOUR APPLICATION -->
    <logger name="com.example.demo" level="DEBUG" additivity="false">
        <appender-ref ref="ASYNC_APP"/>
    </logger>

    <!-- SPRING SECURITY -->
    <logger name="org.springframework.security" level="INFO" additivity="false">
        <appender-ref ref="ASYNC_SECURITY"/>
    </logger>

    <!-- HIBERNATE SQL -->
    <logger name="org.hibernate.SQL" level="DEBUG" additivity="false">
        <appender-ref ref="ASYNC_DB"/>
    </logger>

    <!-- ROOT (OPTIONAL CONSOLE) -->
    <root level="INFO">
        <!-- keep empty OR add console appender if needed -->
    </root>

</configuration>
